,RDST,Rocket,DrCIF,HC1,HC2,STC,RDST_std,Rocket_std,DrCIF_std,HC1_std,STC_std,HC2_std
225,0.8935474371537566,0.4801460364833474,18.577583170495927,7848.464765178971,8959.079658895731,86.56675709038973,0.04171504359692335,0.010750255547463894,0.3076158696785569,4.683004071004689,0.43590452894568443,25.00064292922616
450,1.6947628241032362,0.8065409753471613,24.938918606378138,8360.594130783342,10547.514885107055,243.3796755867079,0.02757885307073593,0.055771343410015106,0.2900445992127061,18.76490328181535,1.9626950984820724,43.63670677691698
675,2.320853997953236,0.9106023721396923,44.63115615211427,8971.236895166337,12217.335100212134,430.5591306462884,0.028325325809419155,0.008519411087036133,1.7223147563636303,35.296641977503896,0.5699807498604059,29.104480856098235
900,2.895685601979494,1.1269769109785557,43.98697812668979,9425.386198878288,13833.830009307712,748.2083214158192,0.037000395357608795,0.002910403534770012,0.46286310628056526,53.50792214088142,2.9978549731895328,5.257354391738772
1125,3.4683293337002397,1.3146315459161997,53.39331826381385,9748.020635260269,15775.618617524393,857.1137987980619,0.07499796990305185,0.014236830174922943,0.07461205311119556,1.3512314409017563,7.690819262526929,79.27265559602529
1350,4.388651568442583,1.531439170241356,65.73980392795056,10078.315157829784,18104.416169278324,1071.7467331010848,0.043432604521512985,0.007553452625870705,0.34103993605822325,13.112154518254101,2.948699466884136,4.433799762278795
1575,5.10090244486928,1.991788538172841,75.38393813744187,10471.208466274664,19359.95162260253,1269.2791174054146,0.0501202637165785,0.08751936070621014,0.4827882666140795,0.14284103363752365,5.825962573289871,131.32202169951051
1800,5.8040910279378295,2.2645467408001423,135.9812185857445,10873.464834477752,20598.759969238421,1480.8306880192831,0.03429070394486189,0.0873995441943407,4.062208544462919,16.15716871060431,11.443522390909493,51.91321665314534
