,RDST,RDST Nn,Rocket,RDST_std,RDST Nn_std,Rocket_std,DrCIF,HC1,STC
300,1.129572377850612,1.10445486754179,0.5984957758337259,0.0021789134501462,0.0311410708857767,0.005681828364975,17.957659078761935,8010.180148844607,219.22990680858493
600,2.087560140217344,2.024201365187764,0.9335285630077124,0.0298999062090887,0.0529595127316749,0.0269080977080455,35.34737914055586,8514.322818138637,442.5031939595938
900,3.096647044022878,2.990961447979013,1.3063571241994698,0.0434857660493586,0.07900423703602,0.0399495611332541,48.546116278506815,9083.068539774977,767.7287997743115
1200,4.109487195188801,4.079135061552127,1.8077990356832745,0.0524791745270754,0.0278238876624047,0.0274162229624875,65.06728794891387,9512.710704571567,1196.5154305910692
1500,5.285702073325713,5.27203578564028,2.3486811394492784,0.0689984530799497,0.0361488806039092,0.0463646048133892,86.88751491252333,9875.0759450607,1517.4695075592026
1800,6.424976958582799,6.401292263840635,2.910758131494125,0.0370772642328077,0.0570159673425084,0.027285139929926,101.163081176579,10221.91996849887,1841.820852174424
