,RDST,Rocket,DrCIF,HC1,HC2,STC,RDST_std,Rocket_std,DrCIF_std,HC1_std,STC_std,HC2_std
355,0.795689046,0.342520772,2.78464953,7415.32167,7564.932943,101.1153354,0.041715044,0.010750256,0.107515695,4.9124541,1.49028836,14.96974613
710,1.506531224,0.424003273,4.94629318,7421.153969,7606.128754,125.7101524,0.027578853,0.055771343,0.1901438,14.48706481,0.99913733,31.63465287
1065,2.207373401,0.515485775,6.927936829,7426.986267,7647.324565,143.3049695,0.028325326,0.008519411,1.492114553,31.20664178,1.02402773,16.05550724
1420,2.968215578,0.576968277,9.029580478,7432.818566,7688.520376,161.5664532,0.037000395,0.002910404,0.486710529,53.50799562,1.01678554,15.54206755
1775,3.619057755,0.638450778,11.10122413,7438.650865,7729.716187,186.6612702,0.07499797,0.01423683,0.196310553,1.351231441,5.15498802,19.56721941
2130,4.649899932,0.75693328,13.17286778,7444.483164,7770.911999,207.7560872,0.043432605,0.007553453,0.351123478,13.11215452,3.2380387,34.78187259
2485,5.06074211,0.811415782,15.45451143,7450.315462,7812.10781,228.8509042,0.050120264,0.087519361,0.410787267,11.12841034,5.01746435,3.13022786
2840,5.851584287,0.932898283,20.51615508,7456.147761,7853.303621,271.9457213,0.034290704,0.087399544,3.051798835,18.16314787,7.76443973,28.76221077
