,RDST,RDST Nn,Rocket,RDST_std,RDST Nn_std,Rocket_std,DrCIF,HC1,STC
474,1.1194374642024438,0.3812918458133936,0.3542630511025588,0.0327511788562251,0.0052919258497445,0.0151927493259702,3.940634661354125,7408.598533288576,109.7385281920433
948,2.307395321006576,0.5232845780750116,0.4783165603876114,0.055501068486129,0.0224919956908638,0.0094837351067556,6.814633106812835,7428.680784107186,131.20717947371304
1422,3.987834762160977,0.8673861989130577,0.5350718032568693,0.1663325363090635,0.0233490133282937,0.0282210127361391,10.669614306651056,7413.82821671851,161.96801536530256
1896,5.298333786427975,1.0281930745889742,0.6211625138918558,0.0391723945730629,0.005084851969658,0.0226578242674829,13.803755534812808,7445.929934053682,186.83464149944484
2370,7.672345407307148,1.477153007561962,0.6988098807632923,0.1788377331729751,0.0126373087907496,0.0079145260328899,19.515088885091245,7461.546554529108,225.53145687188956
2844,9.232190695901712,1.6320210217187805,0.7868394944816828,0.1410642604583485,0.0277821410407413,0.0031141309195655,22.425989269278944,7456.605808864348,288.05155532900244
